"ID001","EnableSecretPassword","d47d1cdfe7ddca9bc963296e2ee83656"
"ID002","ENABLE_SECRET_CLEARTEXT","ENABLE_SECRET_HASHED_MD5"
"ID003","ENABLE_SECRET_CLEARTEXT","ENABLE_SECRET_HASHED_MD5"
"ID004","ENABLE_SECRET_CLEARTEXT","ENABLE_SECRET_HASHED_MD5"
"ID005","ENABLE_SECRET_CLEARTEXT","ENABLE_SECRET_HASHED_MD5"
"ID006","ENABLE_SECRET_CLEARTEXT","ENABLE_SECRET_HASHED_MD5"
"ID007","ENABLE_SECRET_CLEARTEXT","ENABLE_SECRET_HASHED_MD5"
"ID008","ENABLE_SECRET_CLEARTEXT","ENABLE_SECRET_HASHED_MD5"
"ID009","ENABLE_SECRET_CLEARTEXT","ENABLE_SECRET_HASHED_MD5"
"ID010","ENABLE_SECRET_CLEARTEXT","ENABLE_SECRET_HASHED_MD5"
"ID011","ENABLE_SECRET_CLEARTEXT","ENABLE_SECRET_HASHED_MD5"
"ID012","ENABLE_SECRET_CLEARTEXT","ENABLE_SECRET_HASHED_MD5"
"ID013","ENABLE_SECRET_CLEARTEXT","ENABLE_SECRET_HASHED_MD5"
"ID014","ENABLE_SECRET_CLEARTEXT","ENABLE_SECRET_HASHED_MD5"
"ID015","ENABLE_SECRET_CLEARTEXT","ENABLE_SECRET_HASHED_MD5"
